APPID,category_name,context_1,context_2,llm_content,llm_summary,llm_advice
APP0055606,,,,"""APP0055606: The Swiss Army Knife of apps… but with none of the tools! This groundbreaking application does absolutely everything you could ever imagine—except tell you what it does. Need directions? Inspiration? A deep philosophical debate? APP0055606 is probably not your best bet. Users rave about its minimalist approach, calling it 'the existential void of the app store.' Download now and experience the magic of nothingness in the category of None!""","""APP0055606: The Swiss Army Knife of apps… but with none of the tools! This groundbreaking application does absolutely everything you could ever imagine—except tell you what it does. Need directions? Inspiration? A deep philosophical debate? APP0055606 is probably not your best bet. Users rave about its minimalist approach, calling it 'the existential void of the app store.' Download now and experience the magic of nothingness in the category of None!""","Ah, dear applicant APP0055606! It seems you are basking in a delightful sea of ""None"" and ""None,"" the twin voids of limitless opportunity. As you navigate this nebulous and undefined landscape, here is my most whimsical advice for such a context:

1. **Embrace the Whimsy of Vagueness**: Paint your ambitions with a brush that never runs dry—perhaps dipped in invisible paint. Name your goals with words that rhyme with ""flibberjibbit"" and see where that takes you!

2. **Pack a Metaphorical Parachute**: Should you encounter unexpected metaphorical cliffs (common in the land of ""None""), always be prepared to leap with style. Bonus points for dramatic poses as you soar.

3. **Channel Your Inner Platypus**: Be curious, adaptable, and a little baffling. The spirit of the platypus makes navigating any unknown territory possible—and honestly, very fashionable.

4. **Carry an Imaginary Pocket Compass**: Crafted from a peanut butter jar lid and the hopes of stray squirrels, let this guide you through the ""None-verse."" True navigation is knowing the way *you* want to go!

5. **Consider Cake as a Universal Solution**: If all else fails in this uncharted path of uncertainty, bake a giant cake and pretend it's a map. If you eat the whole thing, you’re sure to end up somewhere.

And so, APP0055606, embrace the glorious blank canvas of your context and doodle on it with the crayon of possibility!"
APP0055607,,,,"Application APP0055607 - also known as ""The Great Mystery App"" - is perhaps the most mind-boggling piece of software to ever grace the digital realm. Falling under the enigmatic category of “None,” this app does everything and nothing at the same time. Need to schedule your day? APP0055607 might do it. Or maybe it’ll just tell you how many pigeons flew over your city today. Who knows?! That’s part of the charm!

The UI is minimalistic—possibly TOO minimalistic, as it consists of one single button labeled “Maybe.” Tap it, and you're either greeted with a random inspirational quote, an AI-generated haiku about toast, or a GIF of a tap-dancing walrus. Occasionally, the app simply whispers the word “potato” into your phone speaker for no particular reason.

Is APP0055607 a productivity tool? An avant-garde art installation? A cry for help? No one knows for certain. What we *do* know is that it’ll leave you confused but vaguely delighted.

Final rating: 8/10, because it made me laugh... even if I still don’t know what it does.","Application APP0055607 - also known as ""The Great Mystery App"" - is perhaps the most mind-boggling piece of software to ever grace the digital realm. Falling under the enigmatic category of “None,” this app does everything and nothing at the same time. Need to schedule your day? APP0055607 might do it. Or maybe it’ll just tell you how many pigeons flew over your city today. Who knows?! That’s part of the charm!

The UI is minimalistic—possibly TOO minimalistic, as it consists of one single button labeled “Maybe.” Tap it, and you're either greeted with a random inspirational quote, an AI-generated haiku about toast, or a GIF of a tap-dancing walrus. Occasionally, the app simply whispers the word “potato” into your phone speaker for no particular reason.

Is APP0055607 a productivity tool? An avant-garde art installation? A cry for help? No one knows for certain. What we *do* know is that it’ll leave you confused but vaguely delighted.

Final rating: 8/10, because it made me laugh... even if I still don’t know what it does.","Ah, esteemed applicant APP0055607, fear not the vast voids of ""None"" and ""None""! For within such ambiguously blank horizons lies a canvas of infinite whimsical possibilities. Consider this wisdom from the Whimsical Well of Wonder:

1. **Dress Like a Galactic Diplomat**: You never know when the context of ""None"" demands a shimmering cape, antennas, or possibly a hat made of stardust. When in doubt, intergalactic chic is a safe bet.

2. **Master the Art of the Interpretive Shrug**: In situations with ""None""-level context, a perfectly timed shrug, coupled with a mysterious, knowing smile, can set the tone for anything. Project confidence in your unknowable expertise.

3. **Carry an Emergency Rubber Chicken**: A rubber chicken is the Swiss Army knife of humor, utility, and dramatic flair. Need to break the ice? Whip it out. Facing ""None"" head-on? Present the chicken with solemn gravitas—audiences love a wildcard. 

4. **Answer All Questions in Riddles**: With no context to anchor your message, confound everyone with ancient-seeming riddles. For example, if asked how you're feeling, simply say, ""The wind carries news of the squirrel's forgotten feast.""

5. **Invent Your Own Context**: ""None""? Bah, I say! Imagine you’re a daring cucumber-themed superhero or the world’s only certified Giggleologist. Frame your answers through that thrillingly nonsensical lens and create the context yourself!

So go forth, APP0055607—you who bravely tread where no context has dared exist before. In a world of ""None""-dom, you’re the author of your own delightfully ridiculous storyline."
APP0055608,,,,"**Application Name: APP0055608**  
**Category: None**  

Review: ⭐⭐⭐⭐☆  

*""APP0055608 is the absolute best at being absolutely nothing! This app specializes in the art of doing zilch, mastered the science of nonexistence, and perfected the algorithms of navel-gazing. I opened it, and... nothing happened. Brilliant! I pressed every imaginary button (there are none), navigated menus that don’t exist, and achieved absolutely zero progress. Finally, an app that respects my commitment to procrastination. One star removed because it doesn't have a ""None Mode"" – that would really be something. Or nothing. I'm not sure anymore. Download it if you dare, or not – it won’t make a difference either way. Bravo!""*","**Application Name: APP0055608**  
**Category: None**  

Review: ⭐⭐⭐⭐☆  

*""APP0055608 is the absolute best at being absolutely nothing! This app specializes in the art of doing zilch, mastered the science of nonexistence, and perfected the algorithms of navel-gazing. I opened it, and... nothing happened. Brilliant! I pressed every imaginary button (there are none), navigated menus that don’t exist, and achieved absolutely zero progress. Finally, an app that respects my commitment to procrastination. One star removed because it doesn't have a ""None Mode"" – that would really be something. Or nothing. I'm not sure anymore. Download it if you dare, or not – it won’t make a difference either way. Bravo!""*","Ah, dearest applicant APP0055608, seeker of the unknown and pilot of the indefinite! Although your circumstances are marked by the curious absence of context—nay, even any context about the context—I shall sprinkle some whimsical wisdom upon your journey! 🌟

1. **Adopt the Mindset of a Confident Sandwich**: Whether you're grilled or toasted in the heat of the moment, know that your layers of skills and personality make you deliciously unique. Remember, even the emptiest sandwich can surprise someone with its crunch.

2. **Pack a Metaphorical Umbrella**: Since “None” tells us absolutely nothing about what weather awaits, be prepared for sunshine, thunderstorms, or even a whimsical bout of spaghetti rain. Flexibility is your secret power.

3. **Ask a Squirrel for Directions**: When wandering blindly through the contextless wilderness, trust the instincts of the woodland. Squirrels always manage to find the perfect acorn, even with no map. You, too, shall find your tiny treasures!

4. **Turn ""None"" Into Funsies**: If life gives you no context, give life a baffling dance move instead. The “Contextless Caterpillar” is all the rage in offices far and wide—probably because it doesn’t need rhythm... or context.

5. **Answer ""None"" With ""Why Not?""**: If nothing is certain, then everything is possible! Wear mismatched socks to your next decision-making moment; the universe will bow to your audacity.

Whatever ""None"" leads you to, remember this: you, dear applicant, are the captain of a ship sailing on uncharted blankness. Make your voyage delightful and your cargo full of puns. Bon voyage, APP0055608! 🚀✨"
APP0055609,,,,"Application APP0055609 – *A Revolutionary Breakthrough in Absolutely Nothing!*

⭐️⭐️⭐️⭐️⭐️  
""APP0055609 changed my life in ways I can't even describe because... well, it's hard to describe nothing! From the moment I opened it, I was instantly greeted by a stunningly minimalist interface: just a blank screen with no buttons, no menus, and oddly, no purpose. I spent hours marveling at its bold embrace of quiet solitude. Is it an app for meditation? A statement on the void? Or just digital existentialism? Who knows! All I can say is, if you’re looking for something completely useless yet strangely profound, APP0055609 delivers big on nothing."" – Disoriented but Satisfied User

⭐⭐  
""I kept waiting for something to happen, and nothing ever did. I even tried shaking my phone, yelling at it, and turning it upside down, but there was just... nothing. Honestly, I feel like it's mocking me. Would be a five-star app if it came with a small tutorial on how to do nothing properly."" – Confused Developer at Heart

⭐️⭐️⭐️⭐️⭐️  
""I downloaded APP0055609 to take a break from the overwhelming chaos of modern apps. Finally—here’s an app that does less while demanding absolutely none of my time or attention. No in-app purchases, no notifications, no updates. It’s like a retirement plan for my phone."" – Zen Master of the Smartphone Era

APP0055609: Where *None* is the new **Everything**!","Application APP0055609 – *A Revolutionary Breakthrough in Absolutely Nothing!*

⭐️⭐️⭐️⭐️⭐️  
""APP0055609 changed my life in ways I can't even describe because... well, it's hard to describe nothing! From the moment I opened it, I was instantly greeted by a stunningly minimalist interface: just a blank screen with no buttons, no menus, and oddly, no purpose. I spent hours marveling at its bold embrace of quiet solitude. Is it an app for meditation? A statement on the void? Or just digital existentialism? Who knows! All I can say is, if you’re looking for something completely useless yet strangely profound, APP0055609 delivers big on nothing."" – Disoriented but Satisfied User

⭐⭐  
""I kept waiting for something to happen, and nothing ever did. I even tried shaking my phone, yelling at it, and turning it upside down, but there was just... nothing. Honestly, I feel like it's mocking me. Would be a five-star app if it came with a small tutorial on how to do nothing properly."" – Confused Developer at Heart

⭐️⭐️⭐️⭐️⭐️  
""I downloaded APP0055609 to take a break from the overwhelming chaos of modern apps. Finally—here’s an app that does less while demanding absolutely none of my time or attention. No in-app purchases, no notifications, no updates. It’s like a retirement plan for my phone."" – Zen Master of the Smartphone Era

APP0055609: Where *None* is the new **Everything**!","Of course! Here's my whimsical advice for the mysterious candidate APP0055609, bravely standing on the precipice of the great unknown, where context is but a distant mirage:  

---

Dear Esteemed Applicant APP0055609,  

The universe has spoken! Well, sort of! Actually, it's been suspiciously quiet, so perhaps it's up to *you* to make some noise. Here's my advice as you embark on your context-less adventure:  

1. **Embrace the Void:** When handed nothing but ""None"" and ""None,"" you’ve been given the rare gift of limitless potential! Take this as your cue to dance wildly into the blank spaces of life with feathered hats and mismatched socks. (Trust me, mismatched socks are the sign of an innovator—sensible socks are for the unadventurous).  

2. **Write Your Own Script:** With nothing to hold you back, why not declare yourself APP0055609: Champion of Whimsy, Defender of Spontaneity, and All-Around Magnificent Jellybean Collector! You now have the perfect excuse to sprinkle your days with spontaneous interpretive dance sessions and peculiar latte orders. “Can I get ten shots of espresso, half a marshmallow, and three sprigs of mint, please?”  

3. **Stay Mysterious:** Keep people guessing about your context! Adopt a lofty, knowing expression whenever anyone asks you about your plans. Respond cryptically: “My path is both clear and unclear, a riddle wrapped in an enigma, dunked in hummus.” (No one will challenge you. They’ll just nod knowingly and quietly question their life choices).  

4. **Make Tiny Goals Huge:** Today’s task could be something like “buy bread.” But why settle for ordinary bread when you could hunt down a loaf baked under a full moon by a singing chef named Giuseppe? Turning the mundane into the absurd makes life infinitely more exciting.  

5. **Collect Zero Context Merit Badges:** For every brave action you take without the safety net of context, imagine a sparkly badge materializing on a metaphorical sash. By the end of this adventure, you’ll have the most glittery, context-free sash in the land, and no one will be able to outshine your intangible accomplishments.  

In sum, APP0055609, remember: “None” is just another word for “Let’s make it weird!” Go now, galloping majestically into a foggy horizon, armed with nothing but your imagination and possibly a ukulele. Whatever you do, make it delightfully absurd.  

Yours in whimsy,  
Your Cheerfully Context-Free Advisor 🦄"
APP0055610,,,,"**APP0055610 Review: The App With No Name (Or Category, Apparently)**  

If mystery had an app-shaped cousin, it would be APP0055610. What does it do? Who made it? Why does it exist? These are just a few of the questions you’ll still be asking yourself after downloading it.  

Opening the app is a rollercoaster of confusion and delight. The home screen is minimalist—so minimalist, in fact, that it’s just a blank white screen. Tap anywhere, and you’ll be greeted with... silence. Some say they’ve unlocked advanced meditation powers simply by staring at it. Others suspect it's communicating with aliens in Morse code invisibly.  

Functionality? Who needs that when you have vibes? In the category of ""None,"" APP0055610 excels at being unapologetically enigmatic. Is it a low-key prank on app reviewers? A statement on the futility of classification? The world may never know—but, boy, what a time to be alive.  

Perfect for: People who love secrets, philosophers at a crossroads, and anyone who's ever searched for ""None"" on the app store just to see what would happen.  

⭐ Rating: 5/5 for ambiguity, 0/5 for productivity, 100/5 for the existential crisis it delivers free of charge.","**APP0055610 Review: The App With No Name (Or Category, Apparently)**  

If mystery had an app-shaped cousin, it would be APP0055610. What does it do? Who made it? Why does it exist? These are just a few of the questions you’ll still be asking yourself after downloading it.  

Opening the app is a rollercoaster of confusion and delight. The home screen is minimalist—so minimalist, in fact, that it’s just a blank white screen. Tap anywhere, and you’ll be greeted with... silence. Some say they’ve unlocked advanced meditation powers simply by staring at it. Others suspect it's communicating with aliens in Morse code invisibly.  

Functionality? Who needs that when you have vibes? In the category of ""None,"" APP0055610 excels at being unapologetically enigmatic. Is it a low-key prank on app reviewers? A statement on the futility of classification? The world may never know—but, boy, what a time to be alive.  

Perfect for: People who love secrets, philosophers at a crossroads, and anyone who's ever searched for ""None"" on the app store just to see what would happen.  

⭐ Rating: 5/5 for ambiguity, 0/5 for productivity, 100/5 for the existential crisis it delivers free of charge.","Dear Esteemed Applicant APP0055610,

Oh, keeper of the mystic code and traveler of the unknown void! Though your context resembles the clear twilight of nothingness and the serene expanse of absence, fret not, for whimsical advice comes best from where reason fearfully dares not tread.

1. **Always Carry a Tiny Bell**  
In the pursuit of your journey—whatever it may be—a tiny bell will act as a beacon of cheer. Ring it during moments of confusion, for its chime may startle helpful ideas out of the crevices of your mind or, at the very least, confuse your adversaries.

2. **Embrace the Art of Talking to Shadows**  
When context is “None,” the shadows often hold the secrets you're missing. Ask them for guidance, offer them jokes in return, but do avoid mentioning umbrellas. Shadows, as a rule, are sensitive on the matter.

3. **Never Underestimate the Power of Confetti**  
In any venture where context is lacking, surprise someone (or yourself) by tossing confetti enthusiastically. Few dilemmas can withstand the sheer absurdity of unexpected sparkle.

4. **Pack an Invisible Sandwich**  
Though neither a lunchbox nor a plate may accompany you in this context-barren terrain, an invisible sandwich ensures you’re sustained by imagination—a cheese-and-cloud one is particularly filling!

5. **Trust Your Shoes—They Know Where to Go**  
Even if you’re lost in the void of “None,” remember: your shoes have walked many a path before. If you listen closely, they may whisper their wisdom. Ignore any mentions of cobblestones; they do enjoy exaggeration.

Above all, APP0055610, remember: in a place with “None” and “None,” you are the great *Some*. Let absurdity be your compass, and may hilarity be your guidepost.

Yours surreally,  
Your Whimsical Whisperer"
APP0055611,,,,"**APP0055611: The Unlikely Champion of Nothingness**

⭐️⭐️⭐️⭐️⭐️  
""Finally, an app that boldly goes where no app has gone before... absolutely nowhere! APP0055611 promises nothing, delivers nothing, and somehow leaves me feeling spiritually fulfilled. The elegant blank screen really drives home the minimalist vibe, while the button that doesn’t do anything is a powerful existential statement. I’ve recommended it to my goldfish for meditation purposes. Truly a masterpiece in the category of ‘None.’""  

– A proud connoisseur of missing pointlessness","**APP0055611: The Unlikely Champion of Nothingness**

⭐️⭐️⭐️⭐️⭐️  
""Finally, an app that boldly goes where no app has gone before... absolutely nowhere! APP0055611 promises nothing, delivers nothing, and somehow leaves me feeling spiritually fulfilled. The elegant blank screen really drives home the minimalist vibe, while the button that doesn’t do anything is a powerful existential statement. I’ve recommended it to my goldfish for meditation purposes. Truly a masterpiece in the category of ‘None.’""  

– A proud connoisseur of missing pointlessness","Ah, dear Applicant APP0055611, who ventures forth into the grand abyss of ""None"" and ""None""! A realm so barren, so void of detail, it’s practically the interior design theme of a minimalist’s dreams!

Fear not, for I shall lend you whimsical wisdom fit for such an ethereal, context-free journey:

1. **Pack a Sandwich of Spontaneity:** When nothing is certain, at least ensure your lunch is delightful. Fill it with ingredients of whimsy—lettuce leaves of laughter, slices of joy-turkey, and a generous schmear of hope-mustard.

2. **Consult the Oracle of Shrug:** If faced with a decision, throw a pair of fuzzy dice and let the universe decide. It’s more scientific than ""None"" anyway.

3. **Wear Mismatched Socks:** They are your secret weapon—one for “None” and the other for “Also None,” ensuring your feet are equally confused but delightfully cheery.

4. **Bring a Paperweight:** In all literal and metaphorical scenarios, you never know when you’ll need to secure some floating concepts down to earth. Bonus points if the weight is shaped like a penguin or a sassy pineapple.

5. **Befriend the Silence:** In a land devoid of context, a thoughtful pause can be louder and more brilliant than a thousand bagpipes playing in unison (though, to be fair, that might be quite loud).

6. **Invent Your Narrative:** Why wait for ""None"" to do something? Forge ahead! You are a dragon-surfing intergalactic diplomat who collects antique accordions. Congratulations, your résumé is now unstoppable.

Charge forth, oh valiant APP0055611! The land of ""None and None"" may not offer clarity, but it’s the perfect blank page for your eccentric brilliance to doodle joyfully across!"
APP0055612,,,,"**Application APP0055612 Review**  
⭐️⭐️⭐️⭐️☆  

Ah, APP0055612—the app with no category, no limits, and seemingly no purpose. It's the existential crisis of the app world. Downloading this was like opening a birthday present from a mysterious great-aunt you've never met: strange, intriguing, and vaguely scary.  

Upon launching, it greeted me with a blank screen, leaving me ample time to ponder life’s great questions. After three minutes of staring into the void, I touched the screen out of desperation, and voilà! A rubber duck appeared. Clicking the duck made it quack. Clicking it again made it yell ""Pineapple!"" for reasons still unknown to science.  

I scrolled randomly, only to be taken to a page filled with pixelated pictures of llamas in sunglasses. Were they judging me? Absolutely. Did I deserve it? Probably. The app then crashed, but when I reopened it, an egg was mysteriously added to my photo gallery. An Easter egg? A warning? I'll never know.  

While APP0055612 doesn't technically “do” anything, it somehow made me laugh, cry, and question reality all at once. 10/10 would recommend if you’re into chaos, confusion, and quacking rubber ducks.","**Application APP0055612 Review**  
⭐️⭐️⭐️⭐️☆  

Ah, APP0055612—the app with no category, no limits, and seemingly no purpose. It's the existential crisis of the app world. Downloading this was like opening a birthday present from a mysterious great-aunt you've never met: strange, intriguing, and vaguely scary.  

Upon launching, it greeted me with a blank screen, leaving me ample time to ponder life’s great questions. After three minutes of staring into the void, I touched the screen out of desperation, and voilà! A rubber duck appeared. Clicking the duck made it quack. Clicking it again made it yell ""Pineapple!"" for reasons still unknown to science.  

I scrolled randomly, only to be taken to a page filled with pixelated pictures of llamas in sunglasses. Were they judging me? Absolutely. Did I deserve it? Probably. The app then crashed, but when I reopened it, an egg was mysteriously added to my photo gallery. An Easter egg? A warning? I'll never know.  

While APP0055612 doesn't technically “do” anything, it somehow made me laugh, cry, and question reality all at once. 10/10 would recommend if you’re into chaos, confusion, and quacking rubber ducks.","Certainly! Here's some whimsical advice tailored just for the mysteriously undefinable applicant APP0055612 amidst the bountiful context of ""None"" and ""None"":

---

Dear APP0055612,

Congratulations on reaching the grand crossroads of cosmic whimsy! With ""None"" to guide you and ""None"" to constrain you, the possibilities for your destiny are as wide as a giraffe’s scarf collection. Here’s how to lean into the glorious unknown:

1. **Pack an Emotional Snack:** Whether it’s a cup of courage soup, a tiny sandwich of self-confidence, or a sprinkle of positivity garnish, always bring sustenance for your spirit. Who knows what sagas await?

2. **Acquire a Lucky Pinecone:** Nothing speaks mystical preparedness quite like a pocket-sized piece of woodland wisdom. Rub it thrice for creativity, hold it to your ear for whispers of “None,” and avoid letting squirrels borrow it for their winter inventory.

3. **Master the Art of the Blank Stare:** If context “None” turns into a conversation or decision with otherworldly vagueness, practice the glazed-over expression of a goldfish who just lost their keys. It’s mysterious, captivating, and makes you seem WAY ahead of the game.

4. **Write a Letter to Yourself in the Future:** “Dear Future APP0055612,” it might say, “Remember the courage it took to navigate None and None, and never forget to dance triumphantly atop your metaphorical weasels of doubt.”

5. **Embrace the Random Clues:** If the next step involves a cloud shaped like a wheelbarrow or a pigeon perched on a lamppost flicking its head at you rhythmically, follow along! They're signs from “None”—a mystical fortune-teller in the guise of absolutely nothing.

Remember, APP0055612, the beauty of “None” is that YOU get to call the shots, paint the canvas, or interpret the banana-shaped scribbles. Step boldly into the void of ambiguity, for you’re about to invent marvels no one else has imagined!

Yours whimsically,  
The Whimsy Whisperer 🌀"
APP0055613,,,,"**Application ID: APP0055613**  
**Category: None**

**Review Title:** ""A Category-Free Rollercoaster for the Bold and Confused!""  

Looking for an app that defies all logic, expectations, and even the existence of categories? APP0055613 is here to whisk you away on a wild and nonsensical journey! I have absolutely no idea what this app is for, and that's exactly why I love it.  

Upon opening it, I was greeted by a spinning llama gif that asked me riddles in Morse code—but only on Thursdays. Then, the app turned my phone screen into a virtual aquarium, complete with a goldfish named Maurice who gives you unsolicited life advice. The settings menu? A cryptic maze of buttons labeled “Whimsy,” “Bubblegum,” and “Secret Banana Protocol."" What do they do? Nobody knows, but it’s always a surprise!  

Skeptical? So was I, until the app suddenly started making toast (yes, actual toast) appear beside my phone. APP0055613 is the app you never knew you needed to confuse, amuse, and leave you oddly fulfilled—for reasons even philosophers can’t explain. Five stars for bold absurdity!","**Application ID: APP0055613**  
**Category: None**

**Review Title:** ""A Category-Free Rollercoaster for the Bold and Confused!""  

Looking for an app that defies all logic, expectations, and even the existence of categories? APP0055613 is here to whisk you away on a wild and nonsensical journey! I have absolutely no idea what this app is for, and that's exactly why I love it.  

Upon opening it, I was greeted by a spinning llama gif that asked me riddles in Morse code—but only on Thursdays. Then, the app turned my phone screen into a virtual aquarium, complete with a goldfish named Maurice who gives you unsolicited life advice. The settings menu? A cryptic maze of buttons labeled “Whimsy,” “Bubblegum,” and “Secret Banana Protocol."" What do they do? Nobody knows, but it’s always a surprise!  

Skeptical? So was I, until the app suddenly started making toast (yes, actual toast) appear beside my phone. APP0055613 is the app you never knew you needed to confuse, amuse, and leave you oddly fulfilled—for reasons even philosophers can’t explain. Five stars for bold absurdity!","Ah, dear APP0055613, venturing forth into the vast and thrilling realm of ""None and None""—what a magnificently blank canvas! Here is my whimsical advice as you embark on this mysterious, contextless journey:

1. **Pack Extra Spoons**: You never know when the universe might serve up a soup of opportunity! You don’t want to be caught un-scooped.

2. **Whistle at the Void**: When faced with nothingness, fill it with your favorite tune! Bonus points if it's something jazzy, as the void respects improvisation.

3. **Bring Snacks for the Unexpected**: Context or no context, snacks are universal. Plus, everyone loves the one with snacks. Be the snack-bringer.

4. **Practice Your ""Hmm"" Face**: With nothing to guide you, an enigmatic “HMMM” can make you look deeply thoughtful, even if you're secretly imagining llamas on unicycles.

5. **Wear Socks That Spark Joy**: It’s important to keep your feet happy when you don’t know where they’re going. Polka dots? Flying bananas? Absolutely.

6. **Leave Breadcrumbs—but Make Them French Fries**: As you brave the unknown, leave a trail that’s both unconventional and delicious. After all, fries are irresistible, and who wouldn’t want to follow you?

Remember, APP0055613, ""None and None"" is just another way of saying ""Everything Yet to be Determined."" Revel in the boundless possibilities, and let your whimsical spirit light the way! 🌟"
APP0055614,,,,"Application APP0055614 is truly in a category of its own—literally because its category is “None.” This groundbreaking app takes the revolutionary approach of doing absolutely nothing... and doing it perfectly! Upon launching, you’re greeted by a blank screen devoid of purpose, options, or even font choices. It’s like staring into the void, but somehow more inspiring. Need a break from decision fatigue? APP0055614 says, “Don’t decide anything—because nothing is here!” A minimalist masterpiece or the work of an existential prankster? You decide—but it definitely won’t. Five stars for perfectly embracing the art of nonexistence.","Application APP0055614 is truly in a category of its own—literally because its category is “None.” This groundbreaking app takes the revolutionary approach of doing absolutely nothing... and doing it perfectly! Upon launching, you’re greeted by a blank screen devoid of purpose, options, or even font choices. It’s like staring into the void, but somehow more inspiring. Need a break from decision fatigue? APP0055614 says, “Don’t decide anything—because nothing is here!” A minimalist masterpiece or the work of an existential prankster? You decide—but it definitely won’t. Five stars for perfectly embracing the art of nonexistence.","Certainly! Dear Applicant APP0055614, though your context is as mysterious as a raccoon in a library at midnight, I shall offer whimsical advice nonetheless:

When faced with the grand, invisible void of ""None"" and ""None,"" embrace it as if you're befriending a cloud shaped like a hedgehog. This is a chance to create your own context—turn ""None"" into ""Fun""! Pack your metaphorical suitcase with a ukulele, three jellybeans (for emergencies), and a penguin-sized sense of adventure.

Proceed boldly. Dance conversational waltzes with uncertainty, and if someone asks for specifics, simply reply, ""Oh, the donut of life is best enjoyed without asking why it has a hole!"" They'll be so dazzled by your whimsy, they won't even notice the absence of ""context.""

Good luck, adventurous applicant! May your lack of context become your greatest parade of possibilities. 🎩✨"
APP0055615,,,,"Application Code: APP0055615  
Category: None (also known as the Bermuda Triangle of App Categories)  

*Summary:*  
APP0055615 is the Swiss Army Knife of doing absolutely nothing. When you open it, a single pixel politely blinks at you, as if to say, ""What more could you possibly want?"" Among its groundbreaking features: a loading screen that loads... absolutely nothing, an invisible button that does nothing when pressed, and a mystery sound effect that occasionally echoes from your phone to keep you guessing. The app embodies minimalism to such an extreme that philosophers are now debating if it’s actually an app at all.  

User reviews:  
- ""I think I installed it, but now I’m unsure whether it's real or if I've achieved enlightenment."" ⭐⭐⭐⭐  
- ""My dog barked at it once. I think APP0055615 is haunted."" ⭐⭐⭐  
- ""10/10 for the absolute commitment to ambiguity. Does exactly what it says on the tin—but then again, there is no tin."" ⭐⭐⭐⭐⭐  

Perfect for people with no plans, no expectations, and a desire to do nothing in style!","Application Code: APP0055615  
Category: None (also known as the Bermuda Triangle of App Categories)  

*Summary:*  
APP0055615 is the Swiss Army Knife of doing absolutely nothing. When you open it, a single pixel politely blinks at you, as if to say, ""What more could you possibly want?"" Among its groundbreaking features: a loading screen that loads... absolutely nothing, an invisible button that does nothing when pressed, and a mystery sound effect that occasionally echoes from your phone to keep you guessing. The app embodies minimalism to such an extreme that philosophers are now debating if it’s actually an app at all.  

User reviews:  
- ""I think I installed it, but now I’m unsure whether it's real or if I've achieved enlightenment."" ⭐⭐⭐⭐  
- ""My dog barked at it once. I think APP0055615 is haunted."" ⭐⭐⭐  
- ""10/10 for the absolute commitment to ambiguity. Does exactly what it says on the tin—but then again, there is no tin."" ⭐⭐⭐⭐⭐  

Perfect for people with no plans, no expectations, and a desire to do nothing in style!","Ah, APP0055615! Such a distinguished name—it sounds like the title of a futuristic opera or a code to unlock a treasure chest of giggles. Without context or clarification, perhaps the greatest advice I can offer is this:

""Always wear mismatched socks on a Tuesday; it keeps the universe guessing. If faced with a decision, consult the nearest squirrel for wisdom—it’s said they hold the secrets of the autumn wind. Lastly, remember: even a pancake flipped too early can still be delicious with enough syrup.""

May your path, however mysterious, be as dazzling as a unicycle-riding porcupine in a top hat!"
APP0055616,,,,"APP0055616: **The Quantum Sandwich Maker**

Ever find yourself staring deep into the void, wondering how to make the perfect sandwich while simultaneously unraveling the mysteries of the universe? Well, APP0055616 is here to answer… absolutely none of your questions. Labeled under the thrilling category of ""None,"" this app is like a black hole of purpose, but with surprisingly charming pop-up animations of sandwiches wearing sunglasses.

The app promises to ""optimize your sandwich experience,"" but no one quite knows what that means. Does it order deli meats? Does it teleport condiments to your fridge? Nope! It just generates random sandwich jokes like, ""Why did the tomato feel so smug? Because it was on a roll!"" Truly groundbreaking.

While APP0055616 doesn’t technically *do* anything, users worldwide have given it rave reviews for its satisfying ""ding"" sound when you press the mystery button (yes, there’s a button, and no, it doesn’t explain itself). Plus, for reasons no one can fathom, it sometimes displays a live video feed of raccoons nibbling on bread in an undisclosed alleyway.

In short, APP0055616 is an avant-garde experiment in digital befuddlement. Is it an app? Is it an existential crisis with a cheerful user interface? Who cares! Download it today to experience the joy of categorically undefined sandwich-themed chaos. 🥪✨","APP0055616: **The Quantum Sandwich Maker**

Ever find yourself staring deep into the void, wondering how to make the perfect sandwich while simultaneously unraveling the mysteries of the universe? Well, APP0055616 is here to answer… absolutely none of your questions. Labeled under the thrilling category of ""None,"" this app is like a black hole of purpose, but with surprisingly charming pop-up animations of sandwiches wearing sunglasses.

The app promises to ""optimize your sandwich experience,"" but no one quite knows what that means. Does it order deli meats? Does it teleport condiments to your fridge? Nope! It just generates random sandwich jokes like, ""Why did the tomato feel so smug? Because it was on a roll!"" Truly groundbreaking.

While APP0055616 doesn’t technically *do* anything, users worldwide have given it rave reviews for its satisfying ""ding"" sound when you press the mystery button (yes, there’s a button, and no, it doesn’t explain itself). Plus, for reasons no one can fathom, it sometimes displays a live video feed of raccoons nibbling on bread in an undisclosed alleyway.

In short, APP0055616 is an avant-garde experiment in digital befuddlement. Is it an app? Is it an existential crisis with a cheerful user interface? Who cares! Download it today to experience the joy of categorically undefined sandwich-themed chaos. 🥪✨","Ah, Applicant APP0055616, your stars align today in ways both mysterious and delightfully nonsensical! Since your context is ""None"" and your secondary context is also… well, ""None,"" you stand before a canvas utterly blank, ready for the most whimsical paint splatters of destiny.

Here’s some advice that may or may not solve everything (or perhaps nothing, as the context implies!)

1. **Adorn Your Marmalade Helmet** – Before embarking on any task, don’t forget your metaphorical (or literal) marmalade helmet. It protects against both overthinking and rogue jam thieves. Critical for any applicant.

2. **Write a Resume in Haiku Form** – Stand out from the crowd! While others are listing skills and achievements, you’ll have employers snapping their fingers appreciatively. For example:
   *“APPLICANT GOLDEN,  
   Quick as a caffeinated  
   Flamingo on skates.”*

3. **Channel Your Inner Sandwich Wizard** – Remember, life is like crafting the perfect PB&J. Balance sweetness with substance, and don’t overdo the jelly lest your bread falls apart! (Translation: Aim for harmony in your endeavors.)

4. **Practice Your Synchronized Yak-Yodeling Skills** – You never know when spontaneity might win someone over. One minute, you'll be boringly silent writing emails; the next, they're hiring you just because you can yodel with pizzazz. (Plus, the yaks will appreciate it.)

5. **Double-Check with a Hedgehog Consultant** – Hedgehogs are deeply underrated advisors who specialize in prickly situations. If confusion arises, confide in one—they tend to roll in the right direction. (Alternatively, a well-meaning plush hedgehog works too.)

Remember, APP0055616, the road is wide-open and gloriously absurd. Lean into it. Dance in llama pajamas and let the spirit of inexplicable confidence guide you. Best of luck!"
APP0055617,,,,"APP0055617 – ""The Spectacularly Useless App for Absolutely Nothing""

⭐⭐⭐⭐⭐ (5 out of 5 stars)

""If you’ve ever wanted to do *literally* nothing in the most engaging and pointless way possible, APP0055617 is the app for you! At launch, the app greets you with a blank screen and a tiny dot that occasionally wiggles, just to keep things spicy. There are no features, no tabs, and no buttons—just sheer, unadulterated nothingness paired with a soundtrack of faint elevator music occasionally interrupted by the sound of someone opening a bag of chips. 

Honestly, I didn’t know life could feel so…minimalistic. Since downloading APP0055617, my productivity hasn’t changed at all (because, well, it’s impossible to be less productive than this app). 10/10 would recommend for philosophical reflection or perfecting your art of doing zilch!""","APP0055617 – ""The Spectacularly Useless App for Absolutely Nothing""

⭐⭐⭐⭐⭐ (5 out of 5 stars)

""If you’ve ever wanted to do *literally* nothing in the most engaging and pointless way possible, APP0055617 is the app for you! At launch, the app greets you with a blank screen and a tiny dot that occasionally wiggles, just to keep things spicy. There are no features, no tabs, and no buttons—just sheer, unadulterated nothingness paired with a soundtrack of faint elevator music occasionally interrupted by the sound of someone opening a bag of chips. 

Honestly, I didn’t know life could feel so…minimalistic. Since downloading APP0055617, my productivity hasn’t changed at all (because, well, it’s impossible to be less productive than this app). 10/10 would recommend for philosophical reflection or perfecting your art of doing zilch!""","Ah, illustrious applicant APP0055617, seeker of glory in the mystical realm of “None!” While the context of your quest remains more mysterious than a peanut butter jar with no lid, fear not—I shall unravel whimsical wisdom for your journey.

1. **Embrace the None:**
Should you encounter “None,” treat it not as absence, but as a blank canvas waiting for doodles of your brilliance. Carry a metaphorical crayon at all times—you never know when life’s None will become a doodle-worthy moment.

2. **Speak Fluent Flobberish:**
In a realm without context, communication is key. Practice saying things like, ""The pickle dances at midnight under the full moon of opportunity!"" It may sound ridiculous, but in the land of confusion, confidence makes you king or queen.

3. **Beware the Sneaky Snewfles:**
Remember, ""None"" could be crawling with snewfles—tiny creatures that steal misplaced socks and unsolicited emojis. Keep your wits about you and maybe invest in a sock pouch.

4. **Carry a Rubber Chicken:**
Because, why not? Nothing says you’re prepared for the unexpected vagueness of life like a trusty rubber chicken. It doubles as a stress reliever and an icebreaker at parties.

5. **Be the Jelly in the Peanut Butter Sandwich of “None”:**
Without context, life can feel like dry bread. Bring whimsy, creativity, and glorious jelly-ness to whatever you face. Spread that sweetness far and wide.

Go forth, APP0055617, and conquer the undefined mystery of ""None"" with gusto, giggles, and a feathered hat (for extra flair). The nonsensical stars are aligned in your favor! ✨"
APP0055618,,,,"**Application Name:** APP0055618  
**Category:** None (because it's everything and nothing at the same time)  

**Review Summary:**  
""APP0055618 is the app equivalent of a mysterious unmarked box on your doorstep. I downloaded it out of curiosity, and now I can't tell if it's organizing my life or secretly judging my snack habits. At first glance, it appears to do nothing, but every time I close it, my houseplants look healthier and the Wi-Fi gets faster. There's a button labeled 'Engage,' but when I pressed it, my toaster started playing smooth jazz. All in all, a solid 5 stars for making my Tuesday both confusing and magical."" 🌟🌟🌟🌟🌟","**Application Name:** APP0055618  
**Category:** None (because it's everything and nothing at the same time)  

**Review Summary:**  
""APP0055618 is the app equivalent of a mysterious unmarked box on your doorstep. I downloaded it out of curiosity, and now I can't tell if it's organizing my life or secretly judging my snack habits. At first glance, it appears to do nothing, but every time I close it, my houseplants look healthier and the Wi-Fi gets faster. There's a button labeled 'Engage,' but when I pressed it, my toaster started playing smooth jazz. All in all, a solid 5 stars for making my Tuesday both confusing and magical."" 🌟🌟🌟🌟🌟","Ah, dear APP0055618, a seeker with no context! Fear not, for I shall bestow upon you whimsical advice to illuminate your path:

1. **Consult the Wisdom of the Hedgehog**: If you feel lost, think like a hedgehog—prioritize what truly matters (like snacks and naps) and curl up when faced with drama. Hedgehogs know how to roll through life, quite literally.

2. **Embrace the Chaos of None**: With ""None"" as your context and... ""None"" again, consider this an open canvas! Sprinkle glitter on the void, paint imaginary lobsters dancing under whimsical disco balls, and remember there’s beauty and opportunity in endless possibilities.

3. **Collectively Befriend Random Objects**: Start a meaningful dialogue with your teapot or chair. They’ve been silent for far too long and may hold wisdom unbeknownst to even the wisest of applicants.

4. **Invent an Ultimate “None” Anthem**: Sing your heart out to a song that doesn’t exist! Just make random animal noises for the lyrics and let loose. That’s creativity, my dear APP0055618.

5. **Trust Your Inner Sauerkraut**: Deep within everyone lies a slightly tangy essence begging to sparkle. Be bold! Be zesty! And don’t be afraid to embrace the oddness within you—it may just be your greatest strength.

In a world that begins with ""None"" and ends with ""None,"" anything becomes possible. Step boldly, APP0055618, for the universe awaits your quirk-tastic flare!"
APP0055619,,,,"Application Code: APP0055619  
Category: None  
Humorous Summary:  

""APP0055619 is the groundbreaking app that does absolutely nothing—and does it spectacularly! Finally, an app that doesn’t bog you down with annoying features, functions, or even a category. Perfect for when you’re overwhelmed by productivity or just really want to stare at a blank screen. With its minimalist design and a user interface so invisible it makes air look crowded, this app is the ultimate zen experience. Download today and join the revolution of doing nothing, one tap at a time!""","Application Code: APP0055619  
Category: None  
Humorous Summary:  

""APP0055619 is the groundbreaking app that does absolutely nothing—and does it spectacularly! Finally, an app that doesn’t bog you down with annoying features, functions, or even a category. Perfect for when you’re overwhelmed by productivity or just really want to stare at a blank screen. With its minimalist design and a user interface so invisible it makes air look crowded, this app is the ultimate zen experience. Download today and join the revolution of doing nothing, one tap at a time!""","Dear Applicant APP0055619,

Congratulations on being the enigma of the century! Without a context to guide your journey, life is your oyster–a wibbly, wobbly oyster filled with ambiguous opportunity and a dash of glitter. Here’s some whimsical advice for navigating the unknown:

1. **Pack a Metaphysical Suitcase:** Bring a wide-brimmed imaginary hat for brainstorming, a pocketful of audacious dreams, and a rubber chicken for emergencies. You never know when a good laugh could change your destiny.

2. **Adopt a Mascot:** Every intrepid explorer needs a trusty companion! Might I suggest befriending a sock puppet that doubles as a life coach? They’re excellent for bouncing ideas off or negotiating existential crises.

3. **Wear Socks That Don’t Match:** This will cultivate an air of spontaneity and unmatched charm. Plus, it’s harder for life to throw you off balance when your socks are already doing it for you.

4. **Embrace the Power of “Meh-Gic”:** Without any context, you hold the power of infinite possibilities. When in doubt, shrug whimsically and declare, “Meh! Time to make some magic!” Chaos ensues, but it’s the fun kind.

5. **Invent a Backstory:** Since there’s no context, adopt one! Perhaps you’re a sentient cupcake seeking the secrets of frosting immortality. Or maybe a tape dispenser with dreams of Broadway stardom. The key is owning the narrative, no matter how sprinkle-laden it is.

6. **Set a Goal… or Don’t:** Remember, the beauty of “None” is that there’s no wrong path! You’re free to aim for the stars, the moon, or perhaps an intergalactic donut stand. The sillier the aim, the sweeter the journey.

Now, dear APP0055619, go forth boldly (or timidly—your choice!) into the great void of None. Wherever it leads, may it be paved with joy, marshmallow clouds, and at least one unexpected ukulele solo.

Whimsically yours,  
An Eternal Supporter in Nonsense"
APP0055620,,,,"Sure thing! Here's a whimsical summary for APP0055620:

---

APP0055620: **The Mystery App That Does...Something?**

⭐⭐⭐☆☆

Imagine opening a box wrapped in glittery caution tape, only to find...a smaller box inside. That’s APP0055620! It claims to belong to ""None"" (which we assume is a secretive, high-tech category of *absolutely everything and nothing all at once*). Upon launching the app, it greeted me with a cryptic loading graphic—a spinning llama wearing sunglasses—setting the tone for what was surely going to be a wild ride. But then...nothing happened. Was that the point?

Pros:
- Downloads faster than you can say ""What did I just install?""
- Mysteriously takes up zero storage space. Is it even real? Who knows?!
- The invisible UI is likely a bold artistic statement about existential futility.

Cons:
- No visible features or buttons. Or at least they’re hiding under a cloaking device.
- The app inexplicably asked for permission to ""control time and space."" Should I have been concerned?

Final Verdict: APP0055620 is like an existential fortune cookie—confusing, slightly unsettling, but also...intriguing? It may do *everything*! Or perhaps it does *absolutely nothing*! Either way, it left me staring deeply into the void, questioning my life choices. A paradoxical masterpiece.

--- 

Hope that fits your request! 😄","Sure thing! Here's a whimsical summary for APP0055620:

---

APP0055620: **The Mystery App That Does...Something?**

⭐⭐⭐☆☆

Imagine opening a box wrapped in glittery caution tape, only to find...a smaller box inside. That’s APP0055620! It claims to belong to ""None"" (which we assume is a secretive, high-tech category of *absolutely everything and nothing all at once*). Upon launching the app, it greeted me with a cryptic loading graphic—a spinning llama wearing sunglasses—setting the tone for what was surely going to be a wild ride. But then...nothing happened. Was that the point?

Pros:
- Downloads faster than you can say ""What did I just install?""
- Mysteriously takes up zero storage space. Is it even real? Who knows?!
- The invisible UI is likely a bold artistic statement about existential futility.

Cons:
- No visible features or buttons. Or at least they’re hiding under a cloaking device.
- The app inexplicably asked for permission to ""control time and space."" Should I have been concerned?

Final Verdict: APP0055620 is like an existential fortune cookie—confusing, slightly unsettling, but also...intriguing? It may do *everything*! Or perhaps it does *absolutely nothing*! Either way, it left me staring deeply into the void, questioning my life choices. A paradoxical masterpiece.

--- 

Hope that fits your request! 😄","Ah, dearest APP0055620, seeker of wisdom amidst the context of **None** and **None**, fear not, for I shall conjure whimsical advice befitting such ethereal ambiguity!

Should you find yourself standing at life's invisible crossroads—perhaps in a foggy meadow of indecision, where even the squirrels are confused—trust in this: **Always carry a pocket waffle.** Why? Because whether you're feeding metaphorical hunger, befriending confused woodland creatures, or simply needing a whimsical snack, a waffle never falters in its versatility.

Furthermore, should you ever encounter ""None"" hanging out with ""None,"" it is a sign from the Universe to indulge in something entirely unexpected. Perhaps wear a hat shaped like a pineapple to your next meeting or sing the national anthem backward at sunrise (but only on Tuesdays). Such antics can only lead to greatness!

Finally, APP0055620, know this: if the context is absent and the path unclear, it simply means YOU are the one destined to write the story. Bring glitter, oversized shoes, and perhaps a kazoo. Life loves those who don't take it too seriously!

Safe journeys and waffle-filled days to you! 🚀🥞"
APP0055621,,,,"Review for Application APP0055621 in the ""None"" Category:

⭐️⭐️⭐️⭐️⭐️  
""APP0055621 is THE app for doing absolutely NOTHING, and it excels in its mission! The interface is a blank screen, which is both minimalist and existentially profound. The lack of features is truly revolutionary—no buttons, no swiping, no distractions. Just pure, unadulterated nothingness. I opened it, stared into the void, and the void stared back. Before I knew it, I had achieved inner peace AND completely forgotten why I downloaded this app in the first place. Highly recommend for fans of zen philosophy, accidental naps, and baffling tech purchases!""","Review for Application APP0055621 in the ""None"" Category:

⭐️⭐️⭐️⭐️⭐️  
""APP0055621 is THE app for doing absolutely NOTHING, and it excels in its mission! The interface is a blank screen, which is both minimalist and existentially profound. The lack of features is truly revolutionary—no buttons, no swiping, no distractions. Just pure, unadulterated nothingness. I opened it, stared into the void, and the void stared back. Before I knew it, I had achieved inner peace AND completely forgotten why I downloaded this app in the first place. Highly recommend for fans of zen philosophy, accidental naps, and baffling tech purchases!""","Ah, applicant APP0055621, the universe seems to have handed us a riddle wrapped in a void, wrapped in... well, absolutely nothing. Fear not! Whimsy thrives in the uncharted seas of ""None"" and ""None."" Here’s my best advice for your mysterious adventure:

1. **Pack an Imaginary Llama:** When venturing into the land of ""None,"" nothing beats the companionship of a trusty, nonexistent llama. They never complain, spit, or need food, but they’ll offer endless emotional support. Plus, the name ""Fernando Llamazing"" could just feel right.

2. **Wear Socks with Sombreros:** In the absence of context, there's no wrong—and certainly no right—choice. A pair of sombrero-themed socks will both confuse potential judges and charm squirrels who may guide your path.

3. **Whistle in Spirals:** Whistling in straight lines could offend the laws of ""None,"" but spirals? Spirals are vague and delightfully zany. They may secretly unlock the hidden doors to your journey's next phase (or confuse the pigeons).

4. **Invent Your Own Context:** If faced with ""None,"" why not create a context so bizarrely delightful that the void itself swoons? Perhaps you’re applying to be the Assistant Manager of Bubblewrap Integrity at the Intergalactic Hula-Hoop Guild. It’ll raise eyebrows—and spirits.

5. **Dance Like a Leaf in a Blender:** Take every opportunity to embrace chaos with uncontainable flair. The universe of ""None"" appreciates confidence, even if it's twirling like a deciduous gale force.

Remember, dear APP0055621—where there is ""None,"" there is infinite room for fun! Go forth boldly into the abyss of absurdity, and may your llama guide you well! 🌟"
APP0055622,,,,"Certainly! Here's your whimsical review for the mysterious APP0055622 in the category ""None"":

**""APP0055622: The Everything and Nothing App**  
⭐⭐⭐⭐ (4 out of 5 confused giggles)  
Looking for an app that does everything you didn’t know you didn’t need? APP0055622 is here to fill your life with delightful ambiguity! Its icon is... well, indescribable. Its features? I’m not sure, but one time it made my phone vibrate melodramatically while humming a tune that sounded like whales gossiping. I clicked a button labeled ‘Do the Thing,’ and now my calendar occasionally wishes me Happy Tuesday on Thursdays. Truly groundbreaking in the field of nonspecific utility.  

Why not 5 stars? It once asked for permission to ""access the quantum realm,"" and now my microwave keeps blinking cryptic messages. Proceed with caution.""  

There you go! I hope this fits your delightfully silly criteria. 😊","Certainly! Here's your whimsical review for the mysterious APP0055622 in the category ""None"":

**""APP0055622: The Everything and Nothing App**  
⭐⭐⭐⭐ (4 out of 5 confused giggles)  
Looking for an app that does everything you didn’t know you didn’t need? APP0055622 is here to fill your life with delightful ambiguity! Its icon is... well, indescribable. Its features? I’m not sure, but one time it made my phone vibrate melodramatically while humming a tune that sounded like whales gossiping. I clicked a button labeled ‘Do the Thing,’ and now my calendar occasionally wishes me Happy Tuesday on Thursdays. Truly groundbreaking in the field of nonspecific utility.  

Why not 5 stars? It once asked for permission to ""access the quantum realm,"" and now my microwave keeps blinking cryptic messages. Proceed with caution.""  

There you go! I hope this fits your delightfully silly criteria. 😊","Ah, Applicant APP0055622, the mysterious connoisseur of contextless adventure! Your blank slate approach to this decision is both daring and delightfully perplexing. May I provide you with some whimsical advice for this grand journey into the void of ""None""?

1. **Carry an Umbrella Made of Marshmallows** - You never know when it'll start raining nonsensical opportunities. If context is absent, embrace absurdity—marshmallow umbrellas keep your spirits dry and your sugar levels high.

2. **Invest in a Left-Shoe Compass** - If you don't know where you're going, let your left foot decide! A left-shoe compass only works under the influence of whimsy, so you're guaranteed to end up somewhere interesting, even if it's not logical.

3. **Bake a Cake for the Unknown** - In the absence of context, there's always cake. But make it with invisible frosting and whisper kind words into the batter. The ""None"" spirits of ambiguity will surely be pleased.

4. **Wear a Hat That Doesn't Exist** - Nothing screams confidence in the realm of uncertainty like donning an imaginary hat. Tip it to others as a sign of camaraderie—they’ll appreciate your dedication to the art of whimsy.

5. **Ask “What Would a Hedgehog Do?”** - When in doubt, channel the enigmatic wisdom of hedgehogs. Curl up when overwhelmed, nibble a snack for reassurance, and don’t be afraid to stick it to life’s prickle-worthy problems.

Now, APP0055622, take a deep breath, embrace the delightful chaos of ""None,"" and let curiosity guide you on your next enchanting escapade. Because, really, when you’re armed with marshmallows, invisible hats, and hedgehog wisdom, what could possibly go wrong?"
APP0055623,,,,"Review for APP0055623 (Category: None)

⭐️⭐️⭐️⭐️⭐️  
**""None-derful Experience!""**

When I stumbled upon APP0055623, I had no idea what to expect since it was nestled comfortably in the ""None"" category. Was this a digital void? A minimalist masterpiece? Or just a developer's existential crisis? Spoiler alert: it’s ALL of the above.  

From the moment I opened the app, I was greeted by absolutely nothing—no instructions, no buttons, no features. Spectacular! I spent hours reveling in its featureless beauty, contemplating the fleeting nature of apps and existence itself.  

By doing *absolutely nothing*, APP0055623 does *everything.* It doesn’t try to impress you, sell you something, or send annoying push notifications every 10 minutes. It just *is*. Finally, an app that respects my need to stare at my screen while accomplishing literally zilch.  

My only complaint? The updates. Every version fixes ""nothing,"" but somehow, ""nothing"" gets bigger. What am I downloading?!  

10/10 would recommend to anyone in need of a good laugh, a bit of peace, or just somewhere to blame the nebulous category “None” for hours wasted. Bravo! 🎉","Review for APP0055623 (Category: None)

⭐️⭐️⭐️⭐️⭐️  
**""None-derful Experience!""**

When I stumbled upon APP0055623, I had no idea what to expect since it was nestled comfortably in the ""None"" category. Was this a digital void? A minimalist masterpiece? Or just a developer's existential crisis? Spoiler alert: it’s ALL of the above.  

From the moment I opened the app, I was greeted by absolutely nothing—no instructions, no buttons, no features. Spectacular! I spent hours reveling in its featureless beauty, contemplating the fleeting nature of apps and existence itself.  

By doing *absolutely nothing*, APP0055623 does *everything.* It doesn’t try to impress you, sell you something, or send annoying push notifications every 10 minutes. It just *is*. Finally, an app that respects my need to stare at my screen while accomplishing literally zilch.  

My only complaint? The updates. Every version fixes ""nothing,"" but somehow, ""nothing"" gets bigger. What am I downloading?!  

10/10 would recommend to anyone in need of a good laugh, a bit of peace, or just somewhere to blame the nebulous category “None” for hours wasted. Bravo! 🎉","**Whimsical Advice for Applicant APP0055623**

Ah, dearest APP0055623, a seeker of the unknown within a context of ""None"" and ""None,"" your journey begins in a void so vast it tickles the existential funny bone. Fear not, for I shall bestow upon you the quirkiest nuggets of wisdom to guide you:

1. **Pack a Bag of Imaginary Marmalade**: When venturing into the land of no context, one must always carry a jar of invisible marmalade. It serves as both sustenance for thought and a conversation starter with the equally uncontexted inhabitants of your dreams.

2. **Speak Fluent ""None-ish""**: Since ""None"" and ""None"" offer zero clues, simply nod sagely and sprinkle your sentences with mysterious pauses. Say, ""Ah, yes, as expected, exactly *none.*"" People will find you profound, maybe even prophetic.

3. **Wear a Hat That Doubles as a Parachute**: This has absolutely nothing to do with the context of ""None,"" but you never know when you’ll encounter a sudden gust of whimsy or a literal tumble from a metaphorical plane.

4. **Remember That Context is Just a Fancy Word for ""Vibes""**: If you sense good vibes, proceed! If not, do what I call ""The Waddle of Disinterest."" Wiggle away without a sound—just like a fancy, disenchanted goose.

5. **Trust the Magic of Peanut Butter**: Admittedly, peanut butter solves nothing here, but it can still be a source of great joy. Spread it on toast or philosophize about its smooth-or-crunchy existential dilemma.

Go forth, APP0055623, into the magnificent void of ""None"" and ""None."" Perhaps it is not a lack of direction, but infinite freedom disguised as an empty canvas. Or, perhaps, it's snack time. Either way, may your journey be as delightfully absurd as a penguin on a pogo stick!"
APP0055624,,,,"Application APP0055624: ""The Phantom App-tastic Adventure""

Summary: APP0055624 is the app you never knew you needed—primarily because no one knows what it does. With an interface that's as enigmatic as a foggy Tuesday and features so mysterious that even its developers are scratching their heads, this app promises... something? Download APP0055624 today to experience a whole lot of ""none"" in the best way possible! Warning: May cause spontaneous bouts of confused laughter and excessive head-scratching.","Application APP0055624: ""The Phantom App-tastic Adventure""

Summary: APP0055624 is the app you never knew you needed—primarily because no one knows what it does. With an interface that's as enigmatic as a foggy Tuesday and features so mysterious that even its developers are scratching their heads, this app promises... something? Download APP0055624 today to experience a whole lot of ""none"" in the best way possible! Warning: May cause spontaneous bouts of confused laughter and excessive head-scratching.","Applicant APP0055624, the time to traverse the uncharted waters of whimsy is nigh! Without context or clues, we must forge ahead boldly and embrace the glorious absurdity that lies ahead. Here is my unsolicited, utterly whimsical advice:

1. **Own a Tuba, Even If You Don't Play**: Nothing says ""I mean business"" like adorning your living space (or job application, perhaps?) with a shiny tuba. It sparks conversation and keeps penguins at bay—trust me, it's foolproof.

2. **Address Every Concern with Interpretive Dance**: Whether you're solving world peace or deciding on a lunch option, flailing about with flair ensures no problem will go unnoticed.

3. **Grow a Garden Inside a Shoe**: It's quirky, it's portable, and the cucumbers will always feel well-traveled.

4. **Invent a New Day of the Week**: Tired of Mondays? Start campaigning for ""Frolicday""—a weekly surprise dedicated solely to spinning in circles in grassy fields while wearing mismatched socks.

5. **Carry a Rubber Chicken at All Times**: Its squeak offers wisdom at the most unexpected moments, such as when you're debating existential questions or need to clear a crowded subway car.

6. **Speak Only in Egg Puns to Establish Dominance**: When you ""eggsecute"" the perfect egg pun, people will be ""scrambling"" to respect your yolkspertise.

7. **Keep a Top Hat Handy for Plot Twists**: Life is always more interesting with a dapper hat atop your head, especially when the unexpected strikes. Who doesn't want to pull a rabbit out of their proverbial hat?

In short, Applicant APP0055624, embrace the chaos, lean into delightful nonsense, and never forget that the world becomes a brighter place every time someone says, ""You know what this situation needs? More pancakes."" Remember this as you embark on your mysterious journey toward... whatever you're applying for!"
